[
    {
        "name": "Cauliflower wings",
        "price": 9,
        "image": "https://loremflickr.com/320/240/food",
        "id": "1"
    },
    {
        "name": "Mushroom tacos",
        "price": 8,
        "image": "https://loremflickr.com/320/240/food",
        "id": "2"
    },
    {
        "name": "Mushroom soup",
        "price": 11,
        "image": "https://loremflickr.com/320/240/food",
        "id": "3"
    },
    {
        "name": "Tiger prawns",
        "price": 12,
        "image": "https://loremflickr.com/320/240/food",
        "id": "4"
    },
    {
        "name": "Okonomyaki",
        "price": 9,
        "image": "https://loremflickr.com/320/240/food",
        "id": "5"
    },
    {
        "name": "Crispy sweet potato",
        "price": 8,
        "image": "https://loremflickr.com/320/240/food",
        "id": "6"
    },
    {
        "name": "Duck tacos",
        "price": 9,
        "image": "https://loremflickr.com/320/240/food",
        "id": "7"
    },
    {
        "name": "Pumpkin flatbread",
        "price": 11.2,
        "image": "https://loremflickr.com/320/240/food",
        "id": "8"
    },
    {
        "name": "Fried udon noodles",
        "price": 14,
        "image": "https://loremflickr.com/320/240/food",
        "id": "9"
    },
    {
        "name": "Slow-cooked duck leg",
        "price": 19,
        "image": "https://loremflickr.com/320/240/food",
        "id": "10"
    },
    {
        "name": "Fried pike perch",
        "price": 19,
        "image": "https://loremflickr.com/320/240/food",
        "id": "11"
    },
    {
        "name": "Cauliflower steak",
        "price": 14,
        "image": "https://loremflickr.com/320/240/food",
        "id": "12"
    },
    {
        "name": "Banana lemongrass",
        "price": 5,
        "image": "https://loremflickr.com/320/240/food",
        "id": "13"
    },
    {
        "name": "French toast",
        "price": 6,
        "image": "https://loremflickr.com/320/240/food",
        "id": "14"
    },
    {
        "name": "Raw cocoa cake",
        "price": 7,
        "image": "https://loremflickr.com/320/240/food",
        "id": "15"
    },
    {
        "name": "Olives",
        "price": 7,
        "image": "https://loremflickr.com/320/240/food",
        "id": "16"
    },
    {
        "name": "Cheese plate",
        "price": 14,
        "image": "https://loremflickr.com/320/240/food",
        "id": "17"
    },
    {
        "name": "French fries",
        "price": 5,
        "image": "https://loremflickr.com/320/240/food",
        "id": "18"
    },
    {
        "name": "Sweet potato fries",
        "price": 25,
        "image": "https://loremflickr.com/320/240/food",
        "id": "19"
    },
    {
        "name": "Chicken burger",
        "price": 16,
        "image": "https://loremflickr.com/320/240/food",
        "id": "20"
    },
    {
        "name": "Vegan burger",
        "price": 16,
        "image": "https://loremflickr.com/320/240/food",
        "id": "21"
    },
    {
        "name": "Chorizo pasta",
        "price": 13,
        "image": "https://loremflickr.com/320/240/food",
        "id": "22"
    },
    {
        "name": "Pasta verde with burrata",
        "price": 13,
        "image": "https://loremflickr.com/320/240/food",
        "id": "23"
    },
    {
        "name": "Flounder fillet",
        "price": 17,
        "image": "https://loremflickr.com/320/240/food",
        "id": "24"
    },
    {
        "name": "Roast beef",
        "price": 18,
        "image": "https://loremflickr.com/320/240/food",
        "id": "25"
    },
    {
        "name": "Skagen",
        "price": 12,
        "image": "https://loremflickr.com/320/240/food",
        "id": "26"
    },
    {
        "name": "Vegan tiramisu",
        "price": 6,
        "image": "https://loremflickr.com/320/240/food",
        "id": "27"
    },
    {
        "name": "Chocolate cake",
        "price": 6,
        "image": "https://loremflickr.com/320/240/food",
        "id": "28"
    },
    {
        "name": "Cheesecake with caramel sauce",
        "price": 6,
        "image": "https://loremflickr.com/320/240/food",
        "id": "29"
    },
    {
        "name": "Ice cream",
        "price": 5,
        "image": "https://loremflickr.com/320/240/food",
        "id": "30"
    },
    {
        "name": "Salad",
        "price": 17,
        "image": "https://loremflickr.com/320/240/food",
        "id": "31"
    },
    {
        "name": "Ramen",
        "price": 7,
        "image": "https://loremflickr.com/320/240/food",
        "id": "32"
    },
    {
        "name": "Pasta with smoked tofu",
        "price": 11,
        "image": "https://loremflickr.com/320/240/food",
        "id": "33"
    },
    {
        "name": "Potato pancakes",
        "price": 11,
        "image": "https://loremflickr.com/320/240/food",
        "id": "34"
    },
    {
        "name": "Caesar salad",
        "price": 10,
        "image": "https://loremflickr.com/320/240/food",
        "id": "35"
    },
    {
        "name": "Avocado panini",
        "price": 9,
        "image": "https://loremflickr.com/320/240/food",
        "id": "36"
    },
    {
        "name": "Oatmeal",
        "price": 6,
        "image": "https://loremflickr.com/320/240/food",
        "id": "37"
    },
    {
        "name": "Buckwheat-banana pancakes",
        "price": 9,
        "image": "https://loremflickr.com/320/240/food",
        "id": "38"
    },
    {
        "name": "Potato salad",
        "price": 6,
        "image": "https://loremflickr.com/320/240/food",
        "id": "39"
    }
]